ISO,Country,Subject Descriptor,Units,Scale,Country/Series-specific Notes,2020,Estimates Start After
AFG,Afghanistan,"Gross domestic product, current prices",U.S. dollars,Billions,"See notes for:  Gross domestic product, current prices (National currency).",24.24,2016
AFG,Afghanistan,Population,Persons,Millions,Source: Source: The 2012 revision to the UN World Population Prospects. Latest actual data: 2016 Primary domestic currency: Afghan Afghani Data last updated: 03/2018,37.00,2016
ALB,Albania,"Gross domestic product, current prices",U.S. dollars,Billions,"See notes for:  Gross domestic product, current prices (National currency).",17.32,2016
ALB,Albania,Population,Persons,Millions,Source: National Statistics Office. INSTAT Latest actual data: 2011 Primary domestic currency: Albanian lek Data last updated: 03/2018,2.87,2011
DZA,Algeria,"Gross domestic product, current prices",U.S. dollars,Billions,"See notes for:  Gross domestic product, current prices (National currency).",218.60,2016
DZA,Algeria,Population,Persons,Millions,Source: National Statistics Office Latest actual data: 2017 Primary domestic currency: Algerian dinar Data last updated: 03/2018,43.86,2017
AGO,Angola,"Gross domestic product, current prices",U.S. dollars,Billions,"See notes for:  Gross domestic product, current prices (National currency).",126.81,2015
AGO,Angola,Population,Persons,Millions,Source: National Statistics Office Latest actual data: 2015 Primary domestic currency: Angolan kwanza Data last updated: 02/2018,30.79,2015
ATG,Antigua and Barbuda,"Gross domestic product, current prices",U.S. dollars,Billions,"See notes for:  Gross domestic product, current prices (National currency).",1.77,2016
ATG,Antigua and Barbuda,Population,Persons,Millions,"Source: International Financial Institution. Growth rates from WDI database, but values based on 2011 census Latest actual data: 2011 Primary domestic currency: Eastern Caribbean dollar Data last updated: 03/2018",0.09,2011
ARG,Argentina,"Gross domestic product, current prices",U.S. dollars,Billions,"See notes for:  Gross domestic product, current prices (National currency).",698.70,2017
ARG,Argentina,Population,Persons,Millions,Source: National Statistics Office Latest actual data: 2016 Notes: Based on the National Census of 2001 Primary domestic currency: Argentine peso Data last updated: 03/2018,45.56,2016
ARM,Armenia,"Gross domestic product, current prices",U.S. dollars,Billions,"See notes for:  Gross domestic product, current prices (National currency).",13.39,2016
ARM,Armenia,Population,Persons,Millions,Source: National Statistics Office Latest actual data: 2014 Primary domestic currency: Armenian dram Data last updated: 03/2018,2.99,2014
AUS,Australia,"Gross domestic product, current prices",U.S. dollars,Billions,"See notes for:  Gross domestic product, current prices (National currency).",1666.74,2017
AUS,Australia,Population,Persons,Millions,Source: National Statistics Office. Australian Bureau of Statistics (via Haver Analytics) Latest actual data: 2016. Data refer to calendar years Primary domestic currency: Australian dollar Data last updated: 03/2018,25.94,2016
AUT,Austria,"Gross domestic product, current prices",U.S. dollars,Billions,"See notes for:  Gross domestic product, current prices (National currency).",527.05,2016
AUT,Austria,Population,Persons,Millions,Source: National Statistics Office Latest actual data: 2016 Primary domestic currency: Euro Data last updated: 03/2018,9.01,2016
AZE,Azerbaijan,"Gross domestic product, current prices",U.S. dollars,Billions,"See notes for:  Gross domestic product, current prices (National currency).",50.48,2016
AZE,Azerbaijan,Population,Persons,Millions,Source: National Statistics Office Latest actual data: 2015 Notes: Data prior to 2005 cannot be confirmed at this time. Primary domestic currency: Azerbaijan manat Data last updated: 03/2018,10.18,2015
BHS,The Bahamas,"Gross domestic product, current prices",U.S. dollars,Billions,"See notes for:  Gross domestic product, current prices (National currency).",13.46,2016
BHS,The Bahamas,Population,Persons,Millions,Source: National Statistics Office Latest actual data: 2016 Primary domestic currency: Bahamian dollar Data last updated: 03/2018,0.39,2016
BHR,Bahrain,"Gross domestic product, current prices",U.S. dollars,Billions,"See notes for:  Gross domestic product, current prices (National currency).",41.07,2016
BHR,Bahrain,Population,Persons,Millions,"Source: National Statistics Office. For data prior to 1990, the source is International Financial Statistics. Latest actual data: 2016. The latest census were 2010 and 2001. Primary domestic currency: Bahrain dinar Data last updated: 03/2018",1.54,2016
BGD,Bangladesh,"Gross domestic product, current prices",U.S. dollars,Billions,"See notes for:  Gross domestic product, current prices (National currency).",341.73,2016
BGD,Bangladesh,Population,Persons,Millions,Source: International Financial Institution Latest actual data: 2013 Primary domestic currency: Bangladesh taka Data last updated: 03/2018,168.31,2013
BRB,Barbados,"Gross domestic product, current prices",U.S. dollars,Billions,"See notes for:  Gross domestic product, current prices (National currency).",5.72,2015
BRB,Barbados,Population,Persons,Millions,Source: National Statistics Office Latest actual data: 2015 Primary domestic currency: Barbados dollar Data last updated: 03/2018,0.28,2015
BLR,Belarus,"Gross domestic product, current prices",U.S. dollars,Billions,"See notes for:  Gross domestic product, current prices (National currency).",63.75,2016
BLR,Belarus,Population,Persons,Millions,"Source: National Statistics Office. Formally, the National Statistical Committee of the Republic of Belarus Latest actual data: 2016 Primary domestic currency: Belarusian rubel Data last updated: 03/2018",9.31,2016
BEL,Belgium,"Gross domestic product, current prices",U.S. dollars,Billions,"See notes for:  Gross domestic product, current prices (National currency).",612.94,2016
BEL,Belgium,Population,Persons,Millions,Source: Central Bank Latest actual data: 2016 Primary domestic currency: Euro Data last updated: 03/2018,11.53,2016
BLZ,Belize,"Gross domestic product, current prices",U.S. dollars,Billions,"See notes for:  Gross domestic product, current prices (National currency).",2.06,2016
BLZ,Belize,Population,Persons,Millions,Source: National Statistics Office Latest actual data: 2014 Primary domestic currency: Belize dollar Data last updated: 03/2018,0.42,2014
BEN,Benin,"Gross domestic product, current prices",U.S. dollars,Billions,"See notes for:  Gross domestic product, current prices (National currency).",13.38,2014
BEN,Benin,Population,Persons,Millions,Source: International Financial Institution Latest actual data: 2016 Primary domestic currency: CFA franc Data last updated: 03/2018,12.03,2016
BTN,Bhutan,"Gross domestic product, current prices",U.S. dollars,Billions,"See notes for:  Gross domestic product, current prices (National currency).",3.13,2016
BTN,Bhutan,Population,Persons,Millions,Source: International Financial Institution. World Development Indicators Latest actual data: 2015 Primary domestic currency: Bhutanese ngultrum Data last updated: 03/2018,0.84,2015
BOL,Bolivia,"Gross domestic product, current prices",U.S. dollars,Billions,"See notes for:  Gross domestic product, current prices (National currency).",47.12,2016
BOL,Bolivia,Population,Persons,Millions,Source: National Statistics Office Latest actual data: 2012 Primary domestic currency: Bolivian boliviano Data last updated: 03/2018,11.61,2012
BIH,Bosnia and Herzegovina,"Gross domestic product, current prices",U.S. dollars,Billions,"See notes for:  Gross domestic product, current prices (National currency).",22.78,2016
BIH,Bosnia and Herzegovina,Population,Persons,Millions,Source: Central Bank and LABORSTA Labour Statistics Database of the INTERNATIONAL LABOUR ORGANIZATION Geneva Latest actual data: 2016 Notes: No census has been taken since the 1990-s (pre-war); data estimated by national authority. Primary domestic currency: Convertible marka Data last updated: 02/2018,3.50,2016
BWA,Botswana,"Gross domestic product, current prices",U.S. dollars,Billions,"See notes for:  Gross domestic product, current prices (National currency).",20.39,2015
BWA,Botswana,Population,Persons,Millions,Source: International Financial Institution. World Development Indicators Latest actual data: 2008 Primary domestic currency: Botswana pula Data last updated: 03/2018,2.26,2008
BRA,Brazil,"Gross domestic product, current prices",U.S. dollars,Billions,"See notes for:  Gross domestic product, current prices (National currency).",2362.87,2017
BRA,Brazil,Population,Persons,Millions,Source: National Statistics Office Latest actual data: 2016. Official population estimates and forecasts from the National Statistical Office (IBGE) for later years Primary domestic currency: Brazilian real Data last updated: 03/2018,212.10,2016
BRN,Brunei Darussalam,"Gross domestic product, current prices",U.S. dollars,Billions,"See notes for:  Gross domestic product, current prices (National currency).",15.26,2016
BRN,Brunei Darussalam,Population,Persons,Millions,"Source: National Statistics Office. Department of Economic Planning and Development, Prime Minister's office. Latest actual data: 2015 Primary domestic currency: Brunei dollar Data last updated: 03/2018",0.45,2015
BGR,Bulgaria,"Gross domestic product, current prices",U.S. dollars,Billions,"See notes for:  Gross domestic product, current prices (National currency).",72.10,2016
BGR,Bulgaria,Population,Persons,Millions,Source: National Statistics Office Latest actual data: 2016 Primary domestic currency: Bulgarian lev Data last updated: 03/2018,6.94,2016
BFA,Burkina Faso,"Gross domestic product, current prices",U.S. dollars,Billions,"See notes for:  Gross domestic product, current prices (National currency).",17.20,2016
BFA,Burkina Faso,Population,Persons,Millions,Source: International Financial Institution Latest actual data: 2015 Primary domestic currency: CFA franc Data last updated: 02/2018,20.54,2015
BDI,Burundi,"Gross domestic product, current prices",U.S. dollars,Billions,"See notes for:  Gross domestic product, current prices (National currency).",5.26,2015
BDI,Burundi,Population,Persons,Millions,Source: International Financial Institution Latest actual data: IMF staff estimates Primary domestic currency: Burundi franc Data last updated: 02/2018,11.88,0
CPV,Cabo Verde,"Gross domestic product, current prices",U.S. dollars,Billions,"See notes for:  Gross domestic product, current prices (National currency).",2.23,2016
CPV,Cabo Verde,Population,Persons,Millions,Source: National Statistics Office Latest actual data: 2016 Primary domestic currency: Cabo Verde escudo Data last updated: 02/2018,0.56,2016
KHM,Cambodia,"Gross domestic product, current prices",U.S. dollars,Billions,"See notes for:  Gross domestic product, current prices (National currency).",29.01,2016
KHM,Cambodia,Population,Persons,Millions,Source: National Statistics Office Latest actual data: 2012 Primary domestic currency: Cambodian riel Data last updated: 02/2018,16.74,2012
CMR,Cameroon,"Gross domestic product, current prices",U.S. dollars,Billions,"See notes for:  Gross domestic product, current prices (National currency).",45.00,2016
CMR,Cameroon,Population,Persons,Millions,Source: National Statistics Office Latest actual data: 2010 Primary domestic currency: CFA franc Data last updated: 03/2018,26.14,2010
CAN,Canada,"Gross domestic product, current prices",U.S. dollars,Billions,"See notes for:  Gross domestic product, current prices (National currency).",2029.17,2016
CAN,Canada,Population,Persons,Millions,Source: National Statistics Office Latest actual data: 2016 Primary domestic currency: Canadian dollar Data last updated: 03/2018,37.82,2016
CAF,Central African Republic,"Gross domestic product, current prices",U.S. dollars,Billions,"See notes for:  Gross domestic product, current prices (National currency).",2.51,2012
CAF,Central African Republic,Population,Persons,Millions,Source: Other Latest actual data: 2004. IMF projections Primary domestic currency: CFA franc Data last updated: 02/2018,5.28,2004
TCD,Chad,"Gross domestic product, current prices",U.S. dollars,Billions,"See notes for:  Gross domestic product, current prices (National currency).",13.61,2017
TCD,Chad,Population,Persons,Millions,Source: National Statistics Office Latest actual data: 2004 Primary domestic currency: CFA franc Data last updated: 03/2018,13.12,2004
CHL,Chile,"Gross domestic product, current prices",U.S. dollars,Billions,"See notes for:  Gross domestic product, current prices (National currency).",311.42,2017
CHL,Chile,Population,Persons,Millions,Source: National Statistics Office Latest actual data: 2016. Date of last census was 2014. Primary domestic currency: Chilean peso Data last updated: 03/2018,18.97,2016
CHN,China,"Gross domestic product, current prices",U.S. dollars,Billions,"See notes for:  Gross domestic product, current prices (National currency).",16952.01,2017
CHN,China,Population,Persons,Millions,Source: National Statistics Office. Data retrieved from CEIC Latest actual data: 2017 Primary domestic currency: Chinese yuan Data last updated: 04/2018,1409.29,2017
COL,Colombia,"Gross domestic product, current prices",U.S. dollars,Billions,"See notes for:  Gross domestic product, current prices (National currency).",366.92,2017
COL,Colombia,Population,Persons,Millions,Source: National Statistics Office Latest actual data: 2017 Primary domestic currency: Colombian peso Data last updated: 03/2018,50.91,2017
COM,Comoros,"Gross domestic product, current prices",U.S. dollars,Billions,"See notes for:  Gross domestic product, current prices (National currency).",0.83,2015
COM,Comoros,Population,Persons,Millions,Source: IMF Staff Estimates Latest actual data: 2015 Primary domestic currency: Comorian franc Data last updated: 02/2018,0.90,2015
COD,Democratic Republic of the Congo,"Gross domestic product, current prices",U.S. dollars,Billions,"See notes for:  Gross domestic product, current prices (National currency).",45.45,2016
COD,Democratic Republic of the Congo,Population,Persons,Millions,Source: UN Population Latest actual data: 1983 Notes: There has not been a census since 1983. Primary domestic currency: Congo franc Data last updated: 03/2018,94.69,1983
COG,Republic of Congo,"Gross domestic product, current prices",U.S. dollars,Billions,"See notes for:  Gross domestic product, current prices (National currency).",10.39,2015
COG,Republic of Congo,Population,Persons,Millions,Source: National Statistics Office Latest actual data: 2004 Primary domestic currency: CFA franc Data last updated: 03/2018,4.68,2004
CRI,Costa Rica,"Gross domestic product, current prices",U.S. dollars,Billions,"See notes for:  Gross domestic product, current prices (National currency).",68.50,2016
CRI,Costa Rica,Population,Persons,Millions,Source: National Statistics Office Latest actual data: 2016 Primary domestic currency: Costa Rican colon Data last updated: 03/2018,5.15,2016
CIV,CÙte d'Ivoire,"Gross domestic product, current prices",U.S. dollars,Billions,"See notes for:  Gross domestic product, current prices (National currency).",58.20,2015
CIV,CÙte d'Ivoire,Population,Persons,Millions,Source: National Statistics Office Latest actual data: 2014 Primary domestic currency: CFA franc Data last updated: 03/2018,26.96,2014
HRV,Croatia,"Gross domestic product, current prices",U.S. dollars,Billions,"See notes for:  Gross domestic product, current prices (National currency).",66.55,2016
HRV,Croatia,Population,Persons,Millions,"Source: National Statistics Office. By the former Central Bureau of Statistics of the Republic of Croatia (CroStat), now the Croatian Bureau of Statistics (CBS, www.dzs.hr). Latest actual data: 2016 Primary domestic currency: Croatian kuna Data last updated: 03/2018",4.09,2016
CYP,Cyprus,"Gross domestic product, current prices",U.S. dollars,Billions,"See notes for:  Gross domestic product, current prices (National currency).",28.11,2016
CYP,Cyprus,Population,Persons,Millions,Source: National Statistics Office Latest actual data: 2016 Notes: Annual data prior to 1994 are end of year. Starting 1995 annual data are as of January 1 of each year. Primary domestic currency: Euro Data last updated: 03/2018,0.87,2016
CZE,Czech Republic,"Gross domestic product, current prices",U.S. dollars,Billions,"See notes for:  Gross domestic product, current prices (National currency).",296.57,2017
CZE,Czech Republic,Population,Persons,Millions,Source: Haver Analytics Latest actual data: 2017 Primary domestic currency: Czech koruna Data last updated: 03/2018,10.62,2017
DNK,Denmark,"Gross domestic product, current prices",U.S. dollars,Billions,"See notes for:  Gross domestic product, current prices (National currency).",404.58,2017
DNK,Denmark,Population,Persons,Millions,Source: National Statistics Office Latest actual data: 2017 Primary domestic currency: Danish krone Data last updated: 03/2018,5.88,2017
DJI,Djibouti,"Gross domestic product, current prices",U.S. dollars,Billions,"See notes for:  Gross domestic product, current prices (National currency).",2.59,2013
DJI,Djibouti,Population,Persons,Millions,"Source: Official population data are not available. Data prior to 1993 are taken from the World Bank World Development Indicators; other data are from U.N. sources, 2009. Latest actual data: 2013. A census was conducted in 2009. Primary domestic currency: Djibouti franc Data last updated: 03/2018",1.11,2013
DMA,Dominica,"Gross domestic product, current prices",U.S. dollars,Billions,"See notes for:  Gross domestic product, current prices (National currency).",0.59,2015
DMA,Dominica,Population,Persons,Millions,Source: National Statistics Office Latest actual data: 2011 Notes: The data source has been changed from World Bank World Development Indicators database to National Statistical Office. Primary domestic currency: Eastern Caribbean dollar Data last updated: 03/2018,0.07,2011
DOM,Dominican Republic,"Gross domestic product, current prices",U.S. dollars,Billions,"See notes for:  Gross domestic product, current prices (National currency).",89.37,2016
DOM,Dominican Republic,Population,Persons,Millions,Source: Central Bank Latest actual data: 2016 Primary domestic currency: Dominican peso Data last updated: 03/2018,10.47,2016
ECU,Ecuador,"Gross domestic product, current prices",U.S. dollars,Billions,"See notes for:  Gross domestic product, current prices (National currency).",112.92,2016
ECU,Ecuador,Population,Persons,Millions,Source: National Statistics Office Latest actual data: 2016 Primary domestic currency: U.S. dollar Data last updated: 03/2018,17.51,2016
EGY,Egypt,"Gross domestic product, current prices",U.S. dollars,Billions,"See notes for:  Gross domestic product, current prices (National currency).",n/a,2017
EGY,Egypt,Population,Persons,Millions,Source: Central Agency for Public Mobilization and Statistics (CAPMAS) Latest actual data: 2016/17 Primary domestic currency: Egyptian pound Data last updated: 03/2018,101.49,2017
SLV,El Salvador,"Gross domestic product, current prices",U.S. dollars,Billions,"See notes for:  Gross domestic product, current prices (National currency).",32.07,2016
SLV,El Salvador,Population,Persons,Millions,Source: National Statistics Office Latest actual data: 2007 Primary domestic currency: U.S. dollar Data last updated: 03/2018,6.46,2007
GNQ,Equatorial Guinea,"Gross domestic product, current prices",U.S. dollars,Billions,"See notes for:  Gross domestic product, current prices (National currency).",11.77,2016
GNQ,Equatorial Guinea,Population,Persons,Millions,Source: Other Latest actual data: 2010 Notes: Population series is based on United Nations (UN) estimates. The last national census was conducted in 2001. Population figures used by the country authorities differ substantially from the UN estimates. Primary domestic currency: CFA franc Data last updated: 03/2018,0.91,2010
ERI,Eritrea,"Gross domestic product, current prices",U.S. dollars,Billions,"See notes for:  Gross domestic product, current prices (National currency).",8.11,2006
ERI,Eritrea,Population,Persons,Millions,Source: UN Population Prospects 2006 Latest actual data: 2006 Primary domestic currency: Eritrean nakfa Data last updated: 02/2018,6.27,2006
EST,Estonia,"Gross domestic product, current prices",U.S. dollars,Billions,"See notes for:  Gross domestic product, current prices (National currency).",35.85,2017
EST,Estonia,Population,Persons,Millions,Source: National Statistics Office Latest actual data: 2017 Primary domestic currency: Euro Data last updated: 03/2018,1.30,2017
ETH,Ethiopia,"Gross domestic product, current prices",U.S. dollars,Billions,"See notes for:  Gross domestic product, current prices (National currency).",98.21,2017
ETH,Ethiopia,Population,Persons,Millions,Source: International Financial Institution. Human Development Indicators Latest actual data: 2015/16 Primary domestic currency: Ethiopian birr Data last updated: 03/2018,97.18,2016
FJI,Fiji,"Gross domestic product, current prices",U.S. dollars,Billions,"See notes for:  Gross domestic product, current prices (National currency).",6.17,2017
FJI,Fiji,Population,Persons,Millions,Source: National Statistics Office Latest actual data: 2017 Primary domestic currency: Fiji dollar Data last updated: 02/2018,0.90,2017
FIN,Finland,"Gross domestic product, current prices",U.S. dollars,Billions,"See notes for:  Gross domestic product, current prices (National currency).",318.47,2017
FIN,Finland,Population,Persons,Millions,Source: National Statistics Office Latest actual data: 2017 Primary domestic currency: Euro Data last updated: 03/2018,5.56,2017
FRA,France,"Gross domestic product, current prices",U.S. dollars,Billions,"See notes for:  Gross domestic product, current prices (National currency).",3196.16,2017
FRA,France,Population,Persons,Millions,Source: National Statistics Office Latest actual data: 2017 Primary domestic currency: Euro Data last updated: 03/2018,65.70,2017
GAB,Gabon,"Gross domestic product, current prices",U.S. dollars,Billions,"See notes for:  Gross domestic product, current prices (National currency).",18.97,2016
GAB,Gabon,Population,Persons,Millions,Source: National Statistics Office. In close cooperation with World Bank and country authorities. Latest actual data: 2004 Primary domestic currency: CFA franc Data last updated: 02/2018,1.99,2004
GMB,The Gambia,"Gross domestic product, current prices",U.S. dollars,Billions,"See notes for:  Gross domestic product, current prices (National currency).",1.23,2016
GMB,The Gambia,Population,Persons,Millions,Source: International Financial Institution. Human Development Indicators Latest actual data: 2016 Primary domestic currency: Gambian dalasi Data last updated: 03/2018,2.31,2016
GEO,Georgia,"Gross domestic product, current prices",U.S. dollars,Billions,"See notes for:  Gross domestic product, current prices (National currency).",18.84,2016
GEO,Georgia,Population,Persons,Millions,Source: National Statistics Office. Census surveys were conducted in 2002 and 2014. Data from 2003 to 2013 have been computed via linear interpolation and are inconsistent with data from the authorities which have not been back-cast following the results of the 2014 census Latest actual data: 2015 Primary domestic currency: Georgian lari Data last updated: 03/2018,3.69,2015
DEU,Germany,"Gross domestic product, current prices",U.S. dollars,Billions,"See notes for:  Gross domestic product, current prices (National currency).",4628.62,2017
DEU,Germany,Population,Persons,Millions,Source: National Statistics Office Latest actual data: 2017 Notes: Data until 1990 refers to German federation only (West Germany). Data from 1991 refer to United Germany. Primary domestic currency: Euro Data last updated: 03/2018,82.91,2017
GHA,Ghana,"Gross domestic product, current prices",U.S. dollars,Billions,"See notes for:  Gross domestic product, current prices (National currency).",60.49,2016
GHA,Ghana,Population,Persons,Millions,Source: National Statistics Office Latest actual data: IMF staff estimates Notes: Data cannot be confirmed by national sources at this time. Primary domestic currency: Ghanaian cedi Data last updated: 03/2018,30.50,0
GRC,Greece,"Gross domestic product, current prices",U.S. dollars,Billions,"See notes for:  Gross domestic product, current prices (National currency).",246.07,2017
GRC,Greece,Population,Persons,Millions,"Source: National Statistics Office. Formally, the Statistical Office of the European Communities (EUROSTAT) Latest actual data: 2016 Primary domestic currency: Euro Data last updated: 03/2018",10.64,2016
GRD,Grenada,"Gross domestic product, current prices",U.S. dollars,Billions,"See notes for:  Gross domestic product, current prices (National currency).",1.31,2016
GRD,Grenada,Population,Persons,Millions,Source: National Statistics Office Latest actual data: 2016 Primary domestic currency: Eastern Caribbean dollar Data last updated: 03/2018,0.11,2016
GTM,Guatemala,"Gross domestic product, current prices",U.S. dollars,Billions,"See notes for:  Gross domestic product, current prices (National currency).",93.46,2016
GTM,Guatemala,Population,Persons,Millions,Source: National Statistics Office Latest actual data: 2016 Primary domestic currency: Guatemalan quetzal Data last updated: 03/2018,17.97,2016
GIN,Guinea,"Gross domestic product, current prices",U.S. dollars,Billions,"See notes for:  Gross domestic product, current prices (National currency).",12.61,2016
GIN,Guinea,Population,Persons,Millions,Source: National Statistics Office Latest actual data: 2014 Notes: Data prior to 1995 cannot be confirmed by national sources at this time. Primary domestic currency: Guinean franc Data last updated: 03/2018,13.97,2014
GNB,Guinea-Bissau,"Gross domestic product, current prices",U.S. dollars,Billions,"See notes for:  Gross domestic product, current prices (National currency).",1.88,2015
GNB,Guinea-Bissau,Population,Persons,Millions,Source: International Financial Institution. Human Development Indicators. Latest actual data: 2004 Primary domestic currency: CFA franc Data last updated: 03/2018,1.82,2004
GUY,Guyana,"Gross domestic product, current prices",U.S. dollars,Billions,"See notes for:  Gross domestic product, current prices (National currency).",4.65,2016
GUY,Guyana,Population,Persons,Millions,Source: International Financial Institution Latest actual data: 2012 Primary domestic currency: Guyana dollar Data last updated: 03/2018,0.78,2012
HTI,Haiti,"Gross domestic product, current prices",U.S. dollars,Billions,"See notes for:  Gross domestic product, current prices (National currency).",10.24,2017
HTI,Haiti,Population,Persons,Millions,Source: IMF Staff Estimates Latest actual data: IMF staff estimates Primary domestic currency: Haitian gourde Data last updated: 03/2018,11.38,0
HND,Honduras,"Gross domestic product, current prices",U.S. dollars,Billions,"See notes for:  Gross domestic product, current prices (National currency).",25.67,2016
HND,Honduras,Population,Persons,Millions,Source: National Statistics Office Latest actual data: 2001 Primary domestic currency: Honduran lempira Data last updated: 03/2018,8.67,2001
HKG,Hong Kong SAR,"Gross domestic product, current prices",U.S. dollars,Billions,"See notes for:  Gross domestic product, current prices (National currency).",411.35,2017
HKG,Hong Kong SAR,Population,Persons,Millions,Source: CEIC Latest actual data: 2017 Primary domestic currency: Hong Kong dollar Data last updated: 03/2018,7.59,2017
HUN,Hungary,"Gross domestic product, current prices",U.S. dollars,Billions,"See notes for:  Gross domestic product, current prices (National currency).",183.10,2017
HUN,Hungary,Population,Persons,Millions,Source: National Statistics Office. Hungarian Central Statistical Office (HCSO) Latest actual data: 2016 Primary domestic currency: Hungarian forint Data last updated: 03/2018,9.73,2016
ISL,Iceland,"Gross domestic product, current prices",U.S. dollars,Billions,"See notes for:  Gross domestic product, current prices (National currency).",33.21,2017
ISL,Iceland,Population,Persons,Millions,Source: National Statistics Office Latest actual data: 2017 Primary domestic currency: Icelandic krÛna Data last updated: 03/2018,0.35,2017
IND,India,"Gross domestic product, current prices",U.S. dollars,Billions,"See notes for:  Gross domestic product, current prices (National currency).",3477.05,2017
IND,India,Population,Persons,Millions,Source: National Statistics Office Latest actual data: 2012/13 Primary domestic currency: Indian rupee Data last updated: 03/2018,1369.56,2013
IDN,Indonesia,"Gross domestic product, current prices",U.S. dollars,Billions,"See notes for:  Gross domestic product, current prices (National currency).",1247.65,2017
IDN,Indonesia,Population,Persons,Millions,Source: BPS (Statistics Indonesia) and staff estimates. Latest actual data: 2017 Primary domestic currency: Indonesian rupiah Data last updated: 03/2018,272.10,2017
IRN,Islamic Republic of Iran,"Gross domestic product, current prices",U.S. dollars,Billions,"See notes for:  Gross domestic product, current prices (National currency).",398.16,2017
IRN,Islamic Republic of Iran,Population,Persons,Millions,Source: National Statistics Office Latest actual data: 2016/17 Primary domestic currency: Iranian rial Data last updated: 03/2018,84.15,2017
IRQ,Iraq,"Gross domestic product, current prices",U.S. dollars,Billions,"See notes for:  Gross domestic product, current prices (National currency).",244.20,2016
IRQ,Iraq,Population,Persons,Millions,Source: National Statistics Office Latest actual data: 2013 Primary domestic currency: Iraqi dinar  Data last updated: 03/2018,41.93,2013
IRL,Ireland,"Gross domestic product, current prices",U.S. dollars,Billions,"See notes for:  Gross domestic product, current prices (National currency).",434.41,2017
IRL,Ireland,Population,Persons,Millions,Source: National Statistics Office. Central Statistical Office of Ireland (CSO). Latest actual data: 2017 Primary domestic currency: Euro Data last updated: 03/2018,4.87,2017
ISR,Israel,"Gross domestic product, current prices",U.S. dollars,Billions,"See notes for:  Gross domestic product, current prices (National currency).",411.17,2017
ISR,Israel,Population,Persons,Millions,Source: International Financial Institution Latest actual data: 2017 Primary domestic currency: Israeli shekel Data last updated: 03/2018,9.22,2017
ITA,Italy,"Gross domestic product, current prices",U.S. dollars,Billions,"See notes for:  Gross domestic product, current prices (National currency).",2340.25,2016
ITA,Italy,Population,Persons,Millions,Source: National Statistics Office Latest actual data: 2017 Primary domestic currency: Euro Data last updated: 03/2018,60.72,2017
JAM,Jamaica,"Gross domestic product, current prices",U.S. dollars,Billions,"See notes for:  Gross domestic product, current prices (National currency).",16.60,2016
JAM,Jamaica,Population,Persons,Millions,Source: International Financial Institution. National Statistics Office if data is not yet available in IFS. Latest actual data: 2015 Primary domestic currency: Jamaica dollar Data last updated: 03/2018,2.89,2015
JPN,Japan,"Gross domestic product, current prices",U.S. dollars,Billions,"See notes for:  Gross domestic product, current prices (National currency).",5498.78,2017
JPN,Japan,Population,Persons,Millions,Source: Cabinet Office of Japan via Haver database. Latest actual data: 2017. Actual surveys are taken every 5 years with the latest one done in 2010. Other years are authorities estimates. Primary domestic currency: Japanese yen Data last updated: 03/2018,125.67,2017
JOR,Jordan,"Gross domestic product, current prices",U.S. dollars,Billions,"See notes for:  Gross domestic product, current prices (National currency).",47.25,2016
JOR,Jordan,Population,Persons,Millions,Source: National Statistics Office Latest actual data: 2015 Primary domestic currency: Jordanian dinar Data last updated: 03/2018,7.62,2015
KAZ,Kazakhstan,"Gross domestic product, current prices",U.S. dollars,Billions,"See notes for:  Gross domestic product, current prices (National currency).",203.46,2016
KAZ,Kazakhstan,Population,Persons,Millions,Source: National Statistics Office Latest actual data: 2015 Notes: Data prior to 1996 cannot be confirmed by national sources at this time. Primary domestic currency: Kazakhstani tenge Data last updated: 03/2018,19.02,2015
KEN,Kenya,"Gross domestic product, current prices",U.S. dollars,Billions,"See notes for:  Gross domestic product, current prices (National currency).",103.46,2016
KEN,Kenya,Population,Persons,Millions,Source: National Statistics Office Latest actual data: 2013 Notes: National Statistical Office. Series from January 1998 to October 2005 was adjusted in line with methodology reported in the 2011 Article IV Staff Report Primary domestic currency: Kenya shillings Data last updated: 03/2018,50.72,2013
KIR,Kiribati,"Gross domestic product, current prices",U.S. dollars,Billions,"See notes for:  Gross domestic product, current prices (National currency).",0.23,2016
KIR,Kiribati,Population,Persons,Millions,Source: National Statistics Office Latest actual data: 2015 Primary domestic currency: Australian dollar Data last updated: 04/2018,0.12,2015
KOR,Korea,"Gross domestic product, current prices",U.S. dollars,Billions,"See notes for:  Gross domestic product, current prices (National currency).",1864.00,2017
KOR,Korea,Population,Persons,Millions,Source: National Statistics Office Latest actual data: 2015 Primary domestic currency: Korean won Data last updated: 03/2018,52.09,2015
UVK,Kosovo,"Gross domestic product, current prices",U.S. dollars,Billions,"See notes for:  Gross domestic product, current prices (National currency).",9.56,2016
UVK,Kosovo,Population,Persons,Millions,Source: Census never done Latest actual data: IMF staff estimates Primary domestic currency: Euro Data last updated: 03/2018,1.95,0
KWT,Kuwait,"Gross domestic product, current prices",U.S. dollars,Billions,"See notes for:  Gross domestic product, current prices (National currency).",146.47,2016
KWT,Kuwait,Population,Persons,Millions,"Source: Ministry of Planning, Central Statistical Office, and Civil Information Authority Latest actual data: 2016 Primary domestic currency: Kuwaiti dinar Data last updated: 03/2018",4.78,2016
KGZ,Kyrgyz Republic,"Gross domestic product, current prices",U.S. dollars,Billions,"See notes for:  Gross domestic product, current prices (National currency).",8.47,2016
KGZ,Kyrgyz Republic,Population,Persons,Millions,Source: National Statistics Office Latest actual data: 2015 Primary domestic currency: Kyrgyz som Data last updated: 03/2018,6.65,2015
LAO,Lao P.D.R.,"Gross domestic product, current prices",U.S. dollars,Billions,"See notes for:  Gross domestic product, current prices (National currency).",21.94,2016
LAO,Lao P.D.R.,Population,Persons,Millions,Source: International Financial Institution Latest actual data: 2016 Primary domestic currency: Lao kip Data last updated: 02/2018,6.97,2016
LVA,Latvia,"Gross domestic product, current prices",U.S. dollars,Billions,"See notes for:  Gross domestic product, current prices (National currency).",41.38,2017
LVA,Latvia,Population,Persons,Millions,Source: National Statistics Office Latest actual data: 2017 Primary domestic currency: Euro Data last updated: 03/2018,1.94,2017
LBN,Lebanon,"Gross domestic product, current prices",U.S. dollars,Billions,"See notes for:  Gross domestic product, current prices (National currency).",59.02,2013
LBN,Lebanon,Population,Persons,Millions,Source: National Statistics Office. Also: IMF staff. Latest actual data: 2012. The 2007 households living conditions was the latest official survey. An update in 2010 was conducted under the Multiple Indicator Cluster Survey. Primary domestic currency: Lebanese pound Data last updated: 03/2018,4.64,2012
LSO,Lesotho,"Gross domestic product, current prices",U.S. dollars,Billions,"See notes for:  Gross domestic product, current prices (National currency).",3.18,2016
LSO,Lesotho,Population,Persons,Millions,Source: National Statistics Office Latest actual data: 2006 Primary domestic currency: Lesotho loti Data last updated: 03/2018,1.98,2006
LBR,Liberia,"Gross domestic product, current prices",U.S. dollars,Billions,"See notes for:  Gross domestic product, current prices (National currency).",3.80,2016
LBR,Liberia,Population,Persons,Millions,Source: National Statistics Office Latest actual data: 2009 Primary domestic currency: U.S. dollars Data last updated: 03/2018,4.84,2009
LBY,Libya,"Gross domestic product, current prices",U.S. dollars,Billions,"See notes for:  Gross domestic product, current prices (National currency).",50.10,2016
LBY,Libya,Population,Persons,Millions,Source: International Financial Institution. World Development Indicators Latest actual data: 2014 Primary domestic currency: Libyan dinar Data last updated: 02/2018,6.64,2014
LTU,Lithuania,"Gross domestic product, current prices",U.S. dollars,Billions,"See notes for:  Gross domestic product, current prices (National currency).",62.12,2017
LTU,Lithuania,Population,Persons,Millions,Source: National Statistics Office. Data from Statistics Lithuania: http://www.stat.gov.lt/en/ Latest actual data: 2017. Population data were revised back to 2001 based on 2011 census results. Primary domestic currency: European euro Data last updated: 03/2018,2.70,2017
LUX,Luxembourg,"Gross domestic product, current prices",U.S. dollars,Billions,"See notes for:  Gross domestic product, current prices (National currency).",82.51,2016
LUX,Luxembourg,Population,Persons,Millions,Source: National Statistics Office Latest actual data: 2016 Primary domestic currency: Euro Data last updated: 03/2018,0.63,2016
MAC,Macao SAR,"Gross domestic product, current prices",U.S. dollars,Billions,"See notes for:  Gross domestic product, current prices (National currency).",61.12,2016
MAC,Macao SAR,Population,Persons,Millions,Source: National Statistics Office Latest actual data: 2016 Primary domestic currency: Macanese pataca,0.64,2016
MKD,FYR Macedonia,"Gross domestic product, current prices",U.S. dollars,Billions,"See notes for:  Gross domestic product, current prices (National currency).",14.83,2017
MKD,FYR Macedonia,Population,Persons,Millions,Source: National Statistics Office Latest actual data: 2016 Primary domestic currency: Macedonian denar Data last updated: 03/2018,2.08,2016
MDG,Madagascar,"Gross domestic product, current prices",U.S. dollars,Billions,"See notes for:  Gross domestic product, current prices (National currency).",14.61,2015
MDG,Madagascar,Population,Persons,Millions,"Source: UN, World Bank, and National Statistical Office Latest actual data: 2010 Primary domestic currency: Malagasy ariary Data last updated: 02/2018",27.80,2010
MWI,Malawi,"Gross domestic product, current prices",U.S. dollars,Billions,"See notes for:  Gross domestic product, current prices (National currency).",7.43,2011
MWI,Malawi,Population,Persons,Millions,Source: International Financial Institution Latest actual data: 2016 Primary domestic currency: Malawi kwacha Data last updated: 03/2018,20.87,2016
MYS,Malaysia,"Gross domestic product, current prices",U.S. dollars,Billions,"See notes for:  Gross domestic product, current prices (National currency).",439.06,2017
MYS,Malaysia,Population,Persons,Millions,Source: National Statistics Office. From Department of Statistics Malaysia (DOS) downloaded via CEIC Latest actual data: 2017 Primary domestic currency: Malaysian ringgit Data last updated: 03/2018,33.31,2017
MDV,Maldives,"Gross domestic product, current prices",U.S. dollars,Billions,"See notes for:  Gross domestic product, current prices (National currency).",5.58,2016
MDV,Maldives,Population,Persons,Millions,Source: Department of National Planning. Latest actual data: 2014. Latest Census done in 2014. On National Planning Website. Primary domestic currency: Maldivian rufiyaa Data last updated: 02/2018,0.38,2014
MLI,Mali,"Gross domestic product, current prices",U.S. dollars,Billions,"See notes for:  Gross domestic product, current prices (National currency).",20.73,2016
MLI,Mali,Population,Persons,Millions,Source: Other Latest actual data: 2013 Notes: Population data from World Development Indicators. Primary domestic currency: CFA franc Data last updated: 03/2018,20.83,2013
MLT,Malta,"Gross domestic product, current prices",U.S. dollars,Billions,"See notes for:  Gross domestic product, current prices (National currency).",17.22,2017
MLT,Malta,Population,Persons,Millions,Source: Eurostat Latest actual data: 2017 Primary domestic currency: Euro Data last updated: 03/2018,0.48,2017
MHL,Marshall Islands,"Gross domestic product, current prices",U.S. dollars,Billions,"See notes for:  Gross domestic product, current prices (National currency).",0.22,2017
MHL,Marshall Islands,Population,Persons,Millions,Source: National Statistics Office Latest actual data: 2016 Primary domestic currency: U.S. dollar Data last updated: 03/2018,0.06,2016
MRT,Mauritania,"Gross domestic product, current prices",U.S. dollars,Billions,"See notes for:  Gross domestic product, current prices (National currency).",5.90,2014
MRT,Mauritania,Population,Persons,Millions,Source: National Statistics Office Latest actual data: 2014 Primary domestic currency: Mauritanian ouguiya Data last updated: 03/2018,4.15,2014
MUS,Mauritius,"Gross domestic product, current prices",U.S. dollars,Billions,"See notes for:  Gross domestic product, current prices (National currency).",15.13,2016
MUS,Mauritius,Population,Persons,Millions,Source: National Statistics Office Latest actual data: 2016 Primary domestic currency: Mauritian rupee Data last updated: 03/2018,1.28,2016
MEX,Mexico,"Gross domestic product, current prices",U.S. dollars,Billions,"See notes for:  Gross domestic product, current prices (National currency).",1354.46,2016
MEX,Mexico,Population,Persons,Millions,Source: National Population Statistics Office (CONAPO) Latest actual data: 2015 Primary domestic currency: Mexican peso Data last updated: 03/2018,127.09,2015
FSM,Micronesia,"Gross domestic product, current prices",U.S. dollars,Billions,"See notes for:  Gross domestic product, current prices (National currency).",0.35,2015
FSM,Micronesia,Population,Persons,Millions,"Source: National Statistics Office Latest actual data: 2014/15. 1995 and 2010 from census data, other years estimated by authorities consultants Primary domestic currency: U.S. dollar Data last updated: 02/2018",0.10,2015
MDA,Moldova,"Gross domestic product, current prices",U.S. dollars,Billions,"See notes for:  Gross domestic product, current prices (National currency).",10.50,2016
MDA,Moldova,Population,Persons,Millions,Source: National Statistics Office Latest actual data: 2016 Primary domestic currency: Moldovan leu Data last updated: 03/2018,3.54,2016
MNG,Mongolia,"Gross domestic product, current prices",U.S. dollars,Billions,"See notes for:  Gross domestic product, current prices (National currency).",15.05,2016
MNG,Mongolia,Population,Persons,Millions,Source: National Statistics Office Latest actual data: 2014 Primary domestic currency: Mongolian togrog Data last updated: 03/2018,3.20,2014
MNE,Montenegro,"Gross domestic product, current prices",U.S. dollars,Billions,"See notes for:  Gross domestic product, current prices (National currency).",6.21,2016
MNE,Montenegro,Population,Persons,Millions,Source: National Statistics Office Latest actual data: 2016 Primary domestic currency: Euro Data last updated: 03/2018,0.62,2016
MAR,Morocco,"Gross domestic product, current prices",U.S. dollars,Billions,"See notes for:  Gross domestic product, current prices (National currency).",137.79,2016
MAR,Morocco,Population,Persons,Millions,Source: National Statistics Office Latest actual data: 2016 Primary domestic currency: Moroccan dirham Data last updated: 03/2018,35.95,2016
MOZ,Mozambique,"Gross domestic product, current prices",U.S. dollars,Billions,"See notes for:  Gross domestic product, current prices (National currency).",15.70,2016
MOZ,Mozambique,Population,Persons,Millions,Source: International Financial Institution. Human Development Indicators. Latest actual data: 2015 Notes: Data prior to 1992 cannot be confirmed by national sources at this time. Primary domestic currency: Mozambican metical Data last updated: 02/2018,31.99,2015
MMR,Myanmar,"Gross domestic product, current prices",U.S. dollars,Billions,"See notes for:  Gross domestic product, current prices (National currency).",83.02,2017
MMR,Myanmar,Population,Persons,Millions,Source: Department of Labour Latest actual data: 2014/15 Primary domestic currency: Myanmar kyat Data last updated: 02/2018,53.38,2015
NAM,Namibia,"Gross domestic product, current prices",U.S. dollars,Billions,"See notes for:  Gross domestic product, current prices (National currency).",14.94,2016
NAM,Namibia,Population,Persons,Millions,Source: United Nations Latest actual data: 2008. The latest household survey was conducted in 1994. Primary domestic currency: Namibia dollar Data last updated: 02/2018,2.40,2008
NRU,Nauru,"Gross domestic product, current prices",U.S. dollars,Billions,"See notes for:  Gross domestic product, current prices (National currency).",0.12,2016
NRU,Nauru,Population,Persons,Millions,"Source: Nauru Bureau of Statistics, Secretariat of the Pacific Community, IMF staff estimates Latest actual data: 2015/16. Calculated based on input from PFTAC national accounts TA in October 2016 Primary domestic currency: Australian dollar Data last updated: 01/2018",0.01,2016
NPL,Nepal,"Gross domestic product, current prices",U.S. dollars,Billions,"See notes for:  Gross domestic product, current prices (National currency).",30.36,2016
NPL,Nepal,Population,Persons,Millions,Source: International Financial Institution. WDI database Latest actual data: 2015 Primary domestic currency: Nepalese rupee Data last updated: 02/2018,30.39,2015
NLD,Netherlands,"Gross domestic product, current prices",U.S. dollars,Billions,"See notes for:  Gross domestic product, current prices (National currency).",1039.16,2017
NLD,Netherlands,Population,Persons,Millions,Source: National Statistics Office Latest actual data: 2016 Primary domestic currency: Euro Data last updated: 03/2018,17.23,2016
NZL,New Zealand,"Gross domestic product, current prices",U.S. dollars,Billions,"See notes for:  Gross domestic product, current prices (National currency).",251.18,2017
NZL,New Zealand,Population,Persons,Millions,Source: National Statistics Office. Statistics New Zealand Latest actual data: 2017 Primary domestic currency: New Zealand dollar Data last updated: 03/2018,5.14,2017
NIC,Nicaragua,"Gross domestic product, current prices",U.S. dollars,Billions,"See notes for:  Gross domestic product, current prices (National currency).",16.52,2016
NIC,Nicaragua,Population,Persons,Millions,Source: Central Bank Latest actual data: 2015. last census took place in 2005. BCN publishes 2007 data: http://www.bcn.gob.ni/estadisticas/economicas_anuales/nicaragua_en_cifras/2009/Nicaragua_in_figures_2009.pdf Primary domestic currency: Nicaraguan cÛrdoba Data last updated: 03/2018,6.44,2015
NER,Niger,"Gross domestic product, current prices",U.S. dollars,Billions,"See notes for:  Gross domestic product, current prices (National currency).",11.66,2016
NER,Niger,Population,Persons,Millions,Source: National Statistics Office Latest actual data: 2009 Primary domestic currency: CFA franc Data last updated: 03/2018,20.56,2009
NGA,Nigeria,"Gross domestic product, current prices",U.S. dollars,Billions,"See notes for:  Gross domestic product, current prices (National currency).",557.44,2017
NGA,Nigeria,Population,Persons,Millions,Source: International Financial Institution Latest actual data: 2012 Primary domestic currency: Nigerian naira Data last updated: 03/2018,204.68,2012
NOR,Norway,"Gross domestic product, current prices",U.S. dollars,Billions,"See notes for:  Gross domestic product, current prices (National currency).",474.99,2017
NOR,Norway,Population,Persons,Millions,Source: National Statistics Office Latest actual data: 2017 Primary domestic currency: Norwegian krone Data last updated: 03/2018,5.48,2017
OMN,Oman,"Gross domestic product, current prices",U.S. dollars,Billions,"See notes for:  Gross domestic product, current prices (National currency).",87.78,2015
OMN,Oman,Population,Persons,Millions,"Source: National Statistics Office. For data prior to 1990, the source is IFS - International Financial Statistics. Latest actual data: 2015 Primary domestic currency: Omani rial Data last updated: 03/2018",4.53,2015
PAK,Pakistan,"Gross domestic product, current prices",U.S. dollars,Billions,"See notes for:  Gross domestic product, current prices (National currency).",n/a,2016
PAK,Pakistan,Population,Persons,Millions,Source: National Statistics Office Latest actual data: 2015/16. Preliminary data from the authorities. Notes: Data refer to fiscal years Primary domestic currency: Pakistan rupee Data last updated: 03/2018,208.79,2016
PLW,Palau,"Gross domestic product, current prices",U.S. dollars,Billions,"See notes for:  Gross domestic product, current prices (National currency).",0.36,2016
PLW,Palau,Population,Persons,Millions,Source: Ministry of Finance or Treasury Latest actual data: 2014/15 Primary domestic currency: U.S. dollar Data last updated: 03/2018,0.02,2015
PAN,Panama,"Gross domestic product, current prices",U.S. dollars,Billions,"See notes for:  Gross domestic product, current prices (National currency).",78.15,2017
PAN,Panama,Population,Persons,Millions,Source: National Statistics Office Latest actual data: 2017. The 2010 Census Primary domestic currency: U.S. dollar Data last updated: 03/2018,4.28,2017
PNG,Papua New Guinea,"Gross domestic product, current prices",U.S. dollars,Billions,"See notes for:  Gross domestic product, current prices (National currency).",28.68,2015
PNG,Papua New Guinea,Population,Persons,Millions,Source: Ministry of Finance or Treasury Latest actual data: 2014 Primary domestic currency: Papua New Guinea kina Data last updated: 03/2018,8.78,2014
PRY,Paraguay,"Gross domestic product, current prices",U.S. dollars,Billions,"See notes for:  Gross domestic product, current prices (National currency).",36.99,2016
PRY,Paraguay,Population,Persons,Millions,"Source: National Statistics Office. ProyecciÛn de la PoblaciÛn Nacional, ¡reas Urbana y Rural por Sexo y Edad, 2000-2025 Latest actual data: 2015 Primary domestic currency: Paraguayan guaranÌ Data last updated: 03/2018",7.25,2015
PER,Peru,"Gross domestic product, current prices",U.S. dollars,Billions,"See notes for:  Gross domestic product, current prices (National currency).",262.05,2017
PER,Peru,Population,Persons,Millions,Source: National Statistics Office Latest actual data: 2016 Primary domestic currency: Peruvian nuevo sol Data last updated: 03/2018,32.87,2016
PHL,Philippines,"Gross domestic product, current prices",U.S. dollars,Billions,"See notes for:  Gross domestic product, current prices (National currency).",392.21,2017
PHL,Philippines,Population,Persons,Millions,Source: National Statistics Office. Accessed via CEIC Latest actual data: 2017 Primary domestic currency: Philippine peso Data last updated: 03/2018,111.75,2017
POL,Poland,"Gross domestic product, current prices",U.S. dollars,Billions,"See notes for:  Gross domestic product, current prices (National currency).",684.26,2017
POL,Poland,Population,Persons,Millions,Source: National Statistics Office Latest actual data: 2017 Primary domestic currency: Polish zloty Data last updated: 03/2018,37.92,2017
PRT,Portugal,"Gross domestic product, current prices",U.S. dollars,Billions,"See notes for:  Gross domestic product, current prices (National currency).",271.83,2017
PRT,Portugal,Population,Persons,Millions,Source: National Statistics Office Latest actual data: 2017 Primary domestic currency: Euro Data last updated: 03/2018,10.20,2017
PRI,Puerto Rico,"Gross domestic product, current prices",U.S. dollars,Billions,"See notes for:  Gross domestic product, current prices (National currency).",96.97,2016
PRI,Puerto Rico,Population,Persons,Millions,Source: National Statistics Office Latest actual data: 2015/16 Primary domestic currency: U.S. dollar,3.00,2016
QAT,Qatar,"Gross domestic product, current prices",U.S. dollars,Billions,"See notes for:  Gross domestic product, current prices (National currency).",198.72,2016
QAT,Qatar,Population,Persons,Millions,Source: National Statistics Office. Qatar Ministry of Development Planning and Statistics. Latest actual data: 2017 Primary domestic currency: Qatari riyal Data last updated: 03/2018,2.82,2017
ROU,Romania,"Gross domestic product, current prices",U.S. dollars,Billions,"See notes for:  Gross domestic product, current prices (National currency).",286.11,2016
ROU,Romania,Population,Persons,Millions,"Source: Haver Analytics. Formally, Eurostat. Latest actual data: 2016 Primary domestic currency: Romanian leu Data last updated: 03/2018",19.30,2016
RUS,Russia,"Gross domestic product, current prices",U.S. dollars,Billions,"See notes for:  Gross domestic product, current prices (National currency).",1786.76,2017
RUS,Russia,Population,Persons,Millions,Source: National Statistics Office Latest actual data: 2017 Primary domestic currency: Russian ruble Data last updated: 03/2018,143.79,2017
RWA,Rwanda,"Gross domestic product, current prices",U.S. dollars,Billions,"See notes for:  Gross domestic product, current prices (National currency).",11.57,2016
RWA,Rwanda,Population,Persons,Millions,Source: Ministry of Finance or Treasury Latest actual data: 2012 Primary domestic currency: Rwandan franc Data last updated: 03/2018,12.74,2012
WSM,Samoa,"Gross domestic product, current prices",U.S. dollars,Billions,"See notes for:  Gross domestic product, current prices (National currency).",0.99,2017
WSM,Samoa,Population,Persons,Millions,Source: Asian Development Bank; Samoa Bureau of Statistics. Latest actual data: 2016 Primary domestic currency: Samoa tala Data last updated: 02/2018,0.20,2016
SMR,San Marino,"Gross domestic product, current prices",U.S. dollars,Billions,"See notes for:  Gross domestic product, current prices (National currency).",1.92,2016
SMR,San Marino,Population,Persons,Millions,Source: National Statistics Office Latest actual data: 2017 Primary domestic currency: Euro Data last updated: 02/2018,0.04,2017
STP,S„o TomÈ and PrÌncipe,"Gross domestic product, current prices",U.S. dollars,Billions,"See notes for:  Gross domestic product, current prices (National currency).",0.54,2016
STP,S„o TomÈ and PrÌncipe,Population,Persons,Millions,Source: International Financial Institution. World Development Indicators. Latest actual data: 2011. WDI will need to be updated to reflect the results of the 2012 Census Notes: Data revised to use the United Nations/World Bank database from 1980. Primary domestic currency: S„o TomÈ and PrÌncipe dobra Data last updated: 02/2018,0.23,2011
SAU,Saudi Arabia,"Gross domestic product, current prices",U.S. dollars,Billions,"See notes for:  Gross domestic product, current prices (National currency).",776.28,2016
SAU,Saudi Arabia,Population,Persons,Millions,"Source: National Statistics Office. Central Department of Statistics and Information, Ministry of Economy and Planning. Published by the Saudi Arabia Monetary Agency. Latest actual data: 2016 Primary domestic currency: Saudi Arabian riyal Data last updated: 03/2018",34.36,2016
SEN,Senegal,"Gross domestic product, current prices",U.S. dollars,Billions,"See notes for:  Gross domestic product, current prices (National currency).",23.93,2016
SEN,Senegal,Population,Persons,Millions,Source: World Development Indicators. Latest actual data: 2016 Primary domestic currency: CFA franc Data last updated: 03/2018,17.28,2016
SRB,Serbia,"Gross domestic product, current prices",U.S. dollars,Billions,"See notes for:  Gross domestic product, current prices (National currency).",55.11,2016
SRB,Serbia,Population,Persons,Millions,Source: National Statistics Office. Serbian Statistical Office Latest actual data: 2016 Primary domestic currency: Serbian dinar Data last updated: 03/2018,6.95,2016
SYC,Seychelles,"Gross domestic product, current prices",U.S. dollars,Billions,"See notes for:  Gross domestic product, current prices (National currency).",1.75,2015
SYC,Seychelles,Population,Persons,Millions,Source: National Statistics Office Latest actual data: 2015 Primary domestic currency: Seychelles rupee Data last updated: 02/2018,0.10,2015
SLE,Sierra Leone,"Gross domestic product, current prices",U.S. dollars,Billions,"See notes for:  Gross domestic product, current prices (National currency).",4.26,2016
SLE,Sierra Leone,Population,Persons,Millions,Source: National Statistics Office Latest actual data: 2016 Primary domestic currency: Sierra Leonean leone Data last updated: 02/2018,7.91,2016
SGP,Singapore,"Gross domestic product, current prices",U.S. dollars,Billions,"See notes for:  Gross domestic product, current prices (National currency).",385.24,2017
SGP,Singapore,Population,Persons,Millions,"Source: National Statistics Office Latest actual data: 2017. Data is reported as of mid-year, as opposed to end-year. Primary domestic currency: Singapore dollar Data last updated: 03/2018",5.76,2017
SVK,Slovak Republic,"Gross domestic product, current prices",U.S. dollars,Billions,"See notes for:  Gross domestic product, current prices (National currency).",128.39,2017
SVK,Slovak Republic,Population,Persons,Millions,Source: Haver Analytics. National Statistical Office Latest actual data: 2017 Primary domestic currency: Euro Data last updated: 03/2018,5.45,2017
SVN,Slovenia,"Gross domestic product, current prices",U.S. dollars,Billions,"See notes for:  Gross domestic product, current prices (National currency).",64.31,2017
SVN,Slovenia,Population,Persons,Millions,Source: National Statistics Office Latest actual data: 2017 Primary domestic currency: Euro Data last updated: 03/2018,2.07,2017
SLB,Solomon Islands,"Gross domestic product, current prices",U.S. dollars,Billions,"See notes for:  Gross domestic product, current prices (National currency).",1.56,2016
SLB,Solomon Islands,Population,Persons,Millions,"Source: National Statistics Office. For data prior to 1990, the source is IMF staff estimates. Latest actual data: 2014 Primary domestic currency: Solomon Islands dollar Data last updated: 02/2018",0.66,2014
SOM,Somalia,"Gross domestic product, current prices",U.S. dollars,Billions,"See notes for:  Gross domestic product, current prices (National currency).",8.69,2016
SOM,Somalia,Population,Persons,Millions,,,
ZAF,South Africa,"Gross domestic product, current prices",U.S. dollars,Billions,"See notes for:  Gross domestic product, current prices (National currency).",403.83,2017
ZAF,South Africa,Population,Persons,Millions,"Source: IFS until 2000, then National Statistics Office from 2002. Latest actual data: 2017 Primary domestic currency: South African rand Data last updated: 03/2018",59.26,2017
SSD,South Sudan,"Gross domestic product, current prices",U.S. dollars,Billions,"See notes for:  Gross domestic product, current prices (National currency).",2.95,2016
SSD,South Sudan,Population,Persons,Millions,Source: Population Census 2008 Latest actual data: 2008 Primary domestic currency: South Sudanese pound Data last updated: 03/2018,13.79,2008
ESP,Spain,"Gross domestic product, current prices",U.S. dollars,Billions,"See notes for:  Gross domestic product, current prices (National currency).",1660.20,2017
ESP,Spain,Population,Persons,Millions,Source: National Statistics Office Latest actual data: 2017 Notes: There is a break in series starting 2002 Primary domestic currency: Euro Data last updated: 03/2018,46.14,2017
LKA,Sri Lanka,"Gross domestic product, current prices",U.S. dollars,Billions,"See notes for:  Gross domestic product, current prices (National currency).",106.32,2017
LKA,Sri Lanka,Population,Persons,Millions,Source: National Statistics Office. Department of Census and Statistics Latest actual data: 2017 Primary domestic currency: Sri Lanka rupee Data last updated: 03/2018,22.18,2017
KNA,St. Kitts and Nevis,"Gross domestic product, current prices",U.S. dollars,Billions,"See notes for:  Gross domestic product, current prices (National currency).",1.08,2016
KNA,St. Kitts and Nevis,Population,Persons,Millions,Source: National Statistics Office Latest actual data: 2003 Primary domestic currency: Eastern Caribbean dollar Data last updated: 03/2018,0.06,2003
LCA,St. Lucia,"Gross domestic product, current prices",U.S. dollars,Billions,"See notes for:  Gross domestic product, current prices (National currency).",1.89,2016
LCA,St. Lucia,Population,Persons,Millions,Source: National Statistics Office Latest actual data: 2012 Primary domestic currency: Eastern Caribbean dollar Data last updated: 03/2018,0.18,2012
VCT,St. Vincent and the Grenadines,"Gross domestic product, current prices",U.S. dollars,Billions,"See notes for:  Gross domestic product, current prices (National currency).",0.91,2016
VCT,St. Vincent and the Grenadines,Population,Persons,Millions,Source: National Statistics Office Latest actual data: 2016 Primary domestic currency: Eastern Caribbean dollar Data last updated: 03/2018,0.11,2016
SDN,Sudan,"Gross domestic product, current prices",U.S. dollars,Billions,"See notes for:  Gross domestic product, current prices (National currency).",44.64,2015
SDN,Sudan,Population,Persons,Millions,"Source: United Nations Population Division of Department of Economic and Social Affairs, World Bank, and Central Bureau of Statistics, Sudan . Latest actual data: 2011 Primary domestic currency: Sudanese pound Data last updated: 03/2018",44.35,2011
SUR,Suriname,"Gross domestic product, current prices",U.S. dollars,Billions,"See notes for:  Gross domestic product, current prices (National currency).",4.48,2016
SUR,Suriname,Population,Persons,Millions,Source: National Statistics Office. Data published by the Central Bank of Suriname (Table 23). Latest actual data: 2016. Estimated mid-year population Notes: As published by the Central Bank of Suriname Primary domestic currency: Surinamese dollar Data last updated: 03/2018,0.60,2016
SWZ,Swaziland,"Gross domestic product, current prices",U.S. dollars,Billions,"See notes for:  Gross domestic product, current prices (National currency).",4.77,2015
SWZ,Swaziland,Population,Persons,Millions,Source: National Statistics Office Latest actual data: 2016 Primary domestic currency: Swaziland lilangeni Data last updated: 03/2018,1.19,2016
SWE,Sweden,"Gross domestic product, current prices",U.S. dollars,Billions,"See notes for:  Gross domestic product, current prices (National currency).",653.74,2017
SWE,Sweden,Population,Persons,Millions,Source: National Statistics Office. National Statistics Office Latest actual data: 2017 Primary domestic currency: Swedish krona Data last updated: 03/2018,10.51,2017
CHE,Switzerland,"Gross domestic product, current prices",U.S. dollars,Billions,"See notes for:  Gross domestic product, current prices (National currency).",815.78,2017
CHE,Switzerland,Population,Persons,Millions,Source: National Statistics Office Latest actual data: 2017 Primary domestic currency: Swiss franc Data last updated: 03/2018,8.75,2017
SYR,Syria,"Gross domestic product, current prices",U.S. dollars,Billions,"See notes for:  Gross domestic product, current prices (National currency).",n/a,2010
SYR,Syria,Population,Persons,Millions,Source: National Statistics Office Latest actual data: 2010 Primary domestic currency: Syrian pound Data last updated: 08/2015,n/a,2010
TWN,Taiwan Province of China,"Gross domestic product, current prices",U.S. dollars,Billions,"See notes for:  Gross domestic product, current prices (National currency).",632.22,2016
TWN,Taiwan Province of China,Population,Persons,Millions,Source: CEIC Latest actual data: 2017 Primary domestic currency: New Taiwan dollar Data last updated: 03/2018,23.69,2017
TJK,Tajikistan,"Gross domestic product, current prices",U.S. dollars,Billions,"See notes for:  Gross domestic product, current prices (National currency).",8.68,2017
TJK,Tajikistan,Population,Persons,Millions,Source: International Financial Institution Latest actual data: 2014 Primary domestic currency: Tajik somoni Data last updated: 03/2018,9.41,2014
TZA,Tanzania,"Gross domestic product, current prices",U.S. dollars,Billions,"See notes for:  Gross domestic product, current prices (National currency).",67.15,2016
TZA,Tanzania,Population,Persons,Millions,Source: National Statistics Office Latest actual data: 2012 Primary domestic currency: Tanzania shilling Data last updated: 03/2018,53.11,2012
THA,Thailand,"Gross domestic product, current prices",U.S. dollars,Billions,"See notes for:  Gross domestic product, current prices (National currency).",550.33,2017
THA,Thailand,Population,Persons,Millions,"Source: National Statistics Office. Labour Force Survey, downloaded from CEIC Latest actual data: 2016 Primary domestic currency: Thai baht Data last updated: 03/2018",69.31,2016
TLS,Timor-Leste,"Gross domestic product, current prices",U.S. dollars,Billions,"See notes for:  Gross domestic product, current prices (National currency).",3.25,2016
TLS,Timor-Leste,Population,Persons,Millions,Source: National Statistics Office Latest actual data: 2015. Population and Housing Census 2015 Preliminary Results Primary domestic currency: U.S. dollar Data last updated: 03/2018,1.33,2015
TGO,Togo,"Gross domestic product, current prices",U.S. dollars,Billions,"See notes for:  Gross domestic product, current prices (National currency).",6.67,2015
TGO,Togo,Population,Persons,Millions,Source: International Financial Institution Latest actual data: 2015 Primary domestic currency: CFA franc Data last updated: 03/2018,8.41,2015
TON,Tonga,"Gross domestic product, current prices",U.S. dollars,Billions,"See notes for:  Gross domestic product, current prices (National currency).",0.48,2016
TON,Tonga,Population,Persons,Millions,Source: Central Bank. National Reserve Bank of Tonga Latest actual data: 2016 Primary domestic currency: Tongan pa?anga Data last updated: 01/2018,0.11,2016
TTO,Trinidad and Tobago,"Gross domestic product, current prices",U.S. dollars,Billions,"See notes for:  Gross domestic product, current prices (National currency).",23.65,2016
TTO,Trinidad and Tobago,Population,Persons,Millions,Source: International Financial Institution Latest actual data: 2016 Primary domestic currency: Trinidad and Tobago dollar Data last updated: 03/2018,1.39,2016
TUN,Tunisia,"Gross domestic product, current prices",U.S. dollars,Billions,"See notes for:  Gross domestic product, current prices (National currency).",43.84,2017
TUN,Tunisia,Population,Persons,Millions,Source: National Statistics Office Latest actual data: 2017 Primary domestic currency: Tunisian dinar Data last updated: 03/2018,11.88,2017
TUR,Turkey,"Gross domestic product, current prices",U.S. dollars,Billions,"See notes for:  Gross domestic product, current prices (National currency).",1025.65,2016
TUR,Turkey,Population,Persons,Millions,"Source: Haver Analytics. Formally, the Turkish Statistical Institute (TurkStat) Latest actual data: 2017 Primary domestic currency: Turkish lira Data last updated: 03/2018",83.90,2017
TKM,Turkmenistan,"Gross domestic product, current prices",U.S. dollars,Billions,"See notes for:  Gross domestic product, current prices (National currency).",50.68,2017
TKM,Turkmenistan,Population,Persons,Millions,Source: Turkmenistan authorities. Latest actual data: 2004 Notes: Data prior to 2009 cannot be confirmed by national sources at this time. Primary domestic currency: New Turkmen manat Data last updated: 03/2018,5.89,2004
TUV,Tuvalu,"Gross domestic product, current prices",U.S. dollars,Billions,"See notes for:  Gross domestic product, current prices (National currency).",0.05,2015
TUV,Tuvalu,Population,Persons,Millions,Source: Central Statistical Directorate Latest actual data: 2012 Primary domestic currency: Australian dollar Data last updated: 03/2018,0.01,2012
UGA,Uganda,"Gross domestic product, current prices",U.S. dollars,Billions,"See notes for:  Gross domestic product, current prices (National currency).",33.01,2016
UGA,Uganda,Population,Persons,Millions,Source: National Statistics Office Latest actual data: 2016 Primary domestic currency: Uganda shilling Data last updated: 03/2018,41.22,2016
UKR,Ukraine,"Gross domestic product, current prices",U.S. dollars,Billions,"See notes for:  Gross domestic product, current prices (National currency).",137.59,2017
UKR,Ukraine,Population,Persons,Millions,"Source: Haver Analytics. Formally, the State Statistics Committee of Ukraine Latest actual data: 2016. Starting in 2014, data excludes Crimea and Sevastopol. 2013 data excludes Crimea and Sevastopol for comparison purposes with 2014 data. Primary domestic currency: Ukrainian hryvnia Data last updated: 03/2018",42.06,2016
ARE,United Arab Emirates,"Gross domestic product, current prices",U.S. dollars,Billions,"See notes for:  Gross domestic product, current prices (National currency).",447.31,2016
ARE,United Arab Emirates,Population,Persons,Millions,Source: National Statistics Office Latest actual data: 2005 Primary domestic currency: U.A.E. dirham Data last updated: 03/2018,11.08,2005
GBR,United Kingdom,"Gross domestic product, current prices",U.S. dollars,Billions,"See notes for:  Gross domestic product, current prices (National currency).",3121.42,2017
GBR,United Kingdom,Population,Persons,Millions,Source: National Statistics Office Latest actual data: 2016 Primary domestic currency: Pound sterling Data last updated: 03/2018,67.18,2016
USA,United States,"Gross domestic product, current prices",U.S. dollars,Billions,"See notes for:  Gross domestic product, current prices (National currency).",22235.73,2017
USA,United States,Population,Persons,Millions,Source: National Statistics Office Latest actual data: 2017 Primary domestic currency: U.S. dollar Data last updated: 03/2018,333.68,2017
URY,Uruguay,"Gross domestic product, current prices",U.S. dollars,Billions,"See notes for:  Gross domestic product, current prices (National currency).",70.50,2016
URY,Uruguay,Population,Persons,Millions,Source: National Statistics Office. And World Bank World Development Indicators. Latest actual data: 2015 Primary domestic currency: Uruguayan peso Data last updated: 03/2018,3.53,2015
UZB,Uzbekistan,"Gross domestic product, current prices",U.S. dollars,Billions,"See notes for:  Gross domestic product, current prices (National currency).",50.94,2016
UZB,Uzbekistan,Population,Persons,Millions,Source: National Statistics Office Latest actual data: 2013 Primary domestic currency: Uzbek sum Data last updated: 03/2018,33.30,2013
VUT,Vanuatu,"Gross domestic product, current prices",U.S. dollars,Billions,"See notes for:  Gross domestic product, current prices (National currency).",1.09,2015
VUT,Vanuatu,Population,Persons,Millions,Source: National Statistics Office Latest actual data: 2015 Primary domestic currency: Vanuatu vatu Data last updated: 02/2018,0.30,2015
VEN,Venezuela,"Gross domestic product, current prices",U.S. dollars,Billions,"See notes for:  Gross domestic product, current prices (National currency).",85.34,2016
VEN,Venezuela,Population,Persons,Millions,Source: Ministry of Economy and/or Planning Latest actual data: 2010 Primary domestic currency: Venezuelan bolÌvar fuerte Data last updated: 03/2018,32.61,2010
VNM,Vietnam,"Gross domestic product, current prices",U.S. dollars,Billions,"See notes for:  Gross domestic product, current prices (National currency).",290.62,2017
VNM,Vietnam,Population,Persons,Millions,Source: National Statistics Office Latest actual data: 2016 Primary domestic currency: Vietnamese dong Data last updated: 03/2018,96.41,2016
YEM,Yemen,"Gross domestic product, current prices",U.S. dollars,Billions,"See notes for:  Gross domestic product, current prices (National currency).",21.33,2008
YEM,Yemen,Population,Persons,Millions,Source: IMF Staff Estimates Latest actual data: 2008 Primary domestic currency: Yemeni rial Data last updated: 03/2018,32.47,2008
ZMB,Zambia,"Gross domestic product, current prices",U.S. dollars,Billions,"See notes for:  Gross domestic product, current prices (National currency).",28.50,2016
ZMB,Zambia,Population,Persons,Millions,Source: International Financial Institution Latest actual data: 2010 Primary domestic currency: Zambian kwacha Data last updated: 03/2018,18.88,2010
ZWE,Zimbabwe,"Gross domestic product, current prices",U.S. dollars,Billions,"See notes for:  Gross domestic product, current prices (National currency).",22.68,2013
ZWE,Zimbabwe,Population,Persons,Millions,"Source: National Statistics Office Latest actual data: 2012 Notes: From 2001, data are unreliable. Primary domestic currency: U.S. dollar Data last updated: 03/2018",16.06,2012
,,,,,,,
"International Monetary Fund, World Economic Outlook Database, April 2018",,,,,,,